Formateur,Lundi_SE1,Lundi_SE2,Lundi_SE3,Lundi_SE4,Mardi_SE1,Mardi_SE2,Mardi_SE3,Mardi_SE4,Mercredi_SE1,Mercredi_SE2,Mercredi_SE3,Mercredi_SE4,Jeudi_SE1,Jeudi_SE2,Jeudi_SE3,Jeudi_SE4,Vendredi_SE1,Vendredi_SE2,Vendredi_SE3,Vendredi_SE4,Samedi_SE1,Samedi_SE2,Samedi_SE3,Samedi_SE4
ASABAN,Présentielle S08 GE108,Présentielle S08 GE109,Présentielle S04 GE103,Présentielle S04 GE103,,,,Teams S08 GE101/2/3,Teams S08 GE101/2/3,Présentielle S08 GE101,Présentielle S08 GE101,Présentielle S08 GE110,Présentielle S08 GE107,Présentielle S08 GE102,Présentielle S08 GE102,Présentielle S08 GE103,Présentielle S08 GE103,,,,
BARROU,Présentielle S07 AA102,Présentielle S07 AA102,,,,Présentielle S07 AA102,Présentielle S07 AA102,,,,Présentielle S07 AA103,Présentielle S07 AA103,Présentielle S09 AA101,Présentielle S09 AA101,Présentielle S07 AA103,Présentielle S07 AA103,Présentielle S13 AAOC201,Présentielle S13 AAOC201,Présentielle S07 AA101,Présentielle S07 AA101,,,,
BENDAHMANE,Présentielle S14 GE104,Présentielle S14 GE106,,,,Présentielle S14 AA103,Présentielle S14 AA103,,,,Présentielle S14 GE105,Présentielle S14 GE104,,,,Présentielle S14 AA101,Présentielle S14 GE103,,,,Teams S001 GE104/5/6,Teams S001 GE104/5/6,,
BENJAR,,,,Présentielle S07 AAOCP202,Présentielle S07 AAOCP202,Présentielle S06 AAOCP201,Présentielle S06 AAOCP201,Présentielle S07 AAOCP202,Présentielle S07 AAOCP202,,,,Présentielle S07 AA102,Présentielle S07 AA102,Présentielle S06 GEOCF203,Présentielle S06 GEOCF203,Présentielle S07 AAOCP201,Présentielle S07 AAOCP201,Présentielle S07 GEOCF204,Présentielle S07 GEOCF204,Présentielle S06 GEOCF204,Présentielle S06 GEOCF204,,
BENZAOUI,Présentielle S11 GE105,Présentielle S11 GE105,,,,Présentielle S11 GEOCF201,Présentielle S11 GEOCF201,Présentielle S10 GEOCF202,Présentielle S10 GEOCF202,Présentielle S11 GE106,Présentielle S11 GE106,,,,Présentielle S11 GEOCF202,Présentielle S11 GEOCF202,Présentielle S12 GE104,Présentielle S12 GE104,Présentielle S11 GEOCF201,Présentielle S11 GEOCF201,,,,
DRIHMI,Présentielle S03 GEOCF202,Présentielle S03 GEOCF202,,,,,,,,Présentielle S03 GEOCF201,Présentielle S03 GEOCF201,Présentielle S04 GEOCF201,Présentielle S04 GEOCF201,,,,Teams S03 GEOCF201/2,Teams S03 GEOCF201/2,Présentielle S06 GE110,Présentielle S06 GE110,,,,Présentielle S03 DEVOWFS201,Présentielle S03 DEVOWFS201
ELAARARI,,,,Présentielle S10 GEOCF203,Présentielle S10 GEOCF204,Teams S001 GEOCF203/4,Teams S001 GEOCF203/4,Présentielle S12 AAOCP202,Présentielle S12 AAOCP201,,,,Présentielle S12 GEOCF204,Présentielle S12 GEOCF204,Présentielle S10 GEOCF203,Présentielle S10 GEOCF203,Présentielle S04 GE110,Présentielle S04 GE109,,,,Teams S10 GE107/GE103,Teams S10 GE107/GE103,,
ELHANBALY,Présentielle S04 GEOCM204,Présentielle S04 GEOCM204,Présentielle S15 DEV102,Présentielle S15 DEV102,Présentielle S04 GEOCM202,Présentielle S04 GEOCM202,Présentielle S03 DEV101,Présentielle S03 DEV101,Présentielle S04 DEV101,Présentielle S04 DEV101,,,,,,,,Présentielle S06 GEOCM201,Présentielle S06 GEOCM201,Présentielle S16 GEOCM201,Présentielle S16 GEOCM201,,,,Présentielle S06 GEOCM202,Présentielle S06 GEOCM202
HAOUFADI,Présentielle S15 GE103,Présentielle S15 GE104,,,,Présentielle EFM S15 GE105,Présentielle EFM S15 GE107,Teams S001 GE104/5/6,Teams S001 GE104/5/6,Présentielle EFM S15 GEOCM204,Présentielle EFM S15 GE103,,,,Présentielle S15 GE108,Présentielle S15 GE106,Présentielle S15 GE101,Présentielle S15 GE110,,,,,,,,
